<?xml version="1.0" encoding="UTF-8"?>
<beans xmlns:context="http://www.springframework.org/schema/context"
    xmlns:p="http://www.springframework.org/schema/p"
    xmlns:xsi="http://www.w3.org/2001/XMLSchema-instance"
    xmlns="http://www.springframework.org/schema/beans"
    xmlns:mvc="http://www.springframework.org/schema/mvc"
    xmlns:aop="http://www.springframework.org/schema/aop"
    xsi:schemaLocation="http://www.springframework.org/schema/beans http://www.springframework.org/schema/beans/spring-beans-3.0.xsd
       http://www.springframework.org/schema/context http://www.springframework.org/schema/context/spring-context-3.0.xsd
       http://www.springframework.org/schema/mvc http://www.springframework.org/schema/mvc/spring-mvc.xsd
       http://www.springframework.org/schema/aop http://www.springframework.org/schema/aop/spring-aop.xsd">

	<!-- codering 패키지 안에있는 모든 어노테이션 읽어와서 만들어줌 -->
	<context:component-scan base-package="codering"/>

	<!-- request.getParameter 안해도 되게 만들어주는 친구 -->
	<mvc:annotation-driven>
		<mvc:argument-resolvers>
			<bean class="codering.common.resolver.CustomMapArgumentResolver"></bean>		
		</mvc:argument-resolvers>
	</mvc:annotation-driven>
	
	<!-- log4j 를 활용하기 위해 DispatheServlet 에 들어가는 request를 인터셉트 -->
	<mvc:interceptors>
		<mvc:interceptor>
			<mvc:mapping path="/**"/>
			<bean id="loggerInterceptor" class="codering.common.logger.LoggerInterceptor"></bean>
		</mvc:interceptor>
	</mvc:interceptors>
	
	<!-- AOP -->
	<aop:aspectj-autoproxy/>
	<bean id="loggerAspect" class="codering.common.logger.LoggerAspect" />
	
    <bean class="org.springframework.web.servlet.mvc.annotation.DefaultAnnotationHandlerMapping"/>
    
    <!-- ViewResolver -->
    <bean class="org.springframework.web.servlet.view.BeanNameViewResolver" p:order="0" />
    <bean id="jsonView" class="org.springframework.web.servlet.view.json.MappingJacksonJsonView" />    
    
    
    <!-- View를 지정해 줄때 앞뒤로 주소와 파일형식 안붙여도 됨 -->
    <bean
    	class="org.springframework.web.servlet.view.UrlBasedViewResolver" p:order="1" 
    	p:viewClass="org.springframework.web.servlet.view.JstlView" 
    	p:prefix="/WEB-INF/views/" p:suffix=".jsp">
   	</bean>
</beans>


